introduction,StateCode,Year,Data
Other renewable energy,AZ,2009,5349.58505
Other renewable energy,AZ,2008,4565.91685
Other renewable energy,AZ,2007,3796.57252
Other renewable energy,AZ,2006,3520.52288
Other renewable energy,AZ,2005,3273.66851
Other renewable energy,AZ,2004,3243.49503
Other renewable energy,AZ,2003,3268.72431
Other renewable energy,AZ,2002,3409.63332
Other renewable energy,AZ,2001,3585.73204
Other renewable energy,AZ,2000,3801.16514
Other renewable energy,AZ,1999,4022.24655
Other renewable energy,AZ,1998,4092.30624
Other renewable energy,AZ,1997,4156.20525
Other renewable energy,AZ,1996,4202.49828
Other renewable energy,AZ,1995,4181.30159
Other renewable energy,AZ,1994,4161.33943
Other renewable energy,AZ,1993,4111.73926
Other renewable energy,AZ,1992,4026.18254
Other renewable energy,AZ,1991,3966.72008
Other renewable energy,AZ,1990,3918.15772
Other renewable energy,AZ,1989,3762.65728
Other renewable energy,AZ,1988,0
Other renewable energy,AZ,1987,0
Other renewable energy,AZ,1986,0
Other renewable energy,AZ,1985,0
Other renewable energy,AZ,1984,0
Other renewable energy,AZ,1983,0
Other renewable energy,AZ,1982,0
Other renewable energy,AZ,1981,0
Other renewable energy,AZ,1980,0
Other renewable energy,AZ,1979,0
Other renewable energy,AZ,1978,0
Other renewable energy,AZ,1977,0
Other renewable energy,AZ,1976,0
Other renewable energy,AZ,1975,0
Other renewable energy,AZ,1974,0
Other renewable energy,AZ,1973,0
Other renewable energy,AZ,1972,0
Other renewable energy,AZ,1971,0
Other renewable energy,AZ,1970,0
Other renewable energy,AZ,1969,0
Other renewable energy,AZ,1968,0
Other renewable energy,AZ,1967,0
Other renewable energy,AZ,1966,0
Other renewable energy,AZ,1965,0
Other renewable energy,AZ,1964,0
Other renewable energy,AZ,1963,0
Other renewable energy,AZ,1962,0
Other renewable energy,AZ,1961,0
Other renewable energy,AZ,1960,0
Other renewable energy,CA,2009,215854.7032
Other renewable energy,CA,2008,211438.0762
Other renewable energy,CA,2007,211350.9518
Other renewable energy,CA,2006,200916.2905
Other renewable energy,CA,2005,197028.4853
Other renewable energy,CA,2004,198806.5082
Other renewable energy,CA,2003,196756.119
Other renewable energy,CA,2002,196439.0418
Other renewable energy,CA,2001,187312.2702
Other renewable energy,CA,2000,186607.8528
Other renewable energy,CA,1999,192370.746
Other renewable energy,CA,1998,186141.0866
Other renewable energy,CA,1997,189320.791
Other renewable energy,CA,1996,187150.4429
Other renewable energy,CA,1995,177316.1267
Other renewable energy,CA,1994,202807.9511
Other renewable energy,CA,1993,211034.1521
Other renewable energy,CA,1992,207353.6042
Other renewable energy,CA,1991,209809.3434
Other renewable energy,CA,1990,202942.6277
Other renewable energy,CA,1989,185095.0111
Other renewable energy,CA,1988,104471.3246
Other renewable energy,CA,1987,110576.0648
Other renewable energy,CA,1986,105875.0316
Other renewable energy,CA,1985,96218.48354
Other renewable energy,CA,1984,80286.93192
Other renewable energy,CA,1983,63925.76278
Other renewable energy,CA,1982,50627.30966
Other renewable energy,CA,1981,59437.46184
Other renewable energy,CA,1980,52699.14465
Other renewable energy,CA,1979,40262.4857
Other renewable energy,CA,1978,30851.22443
Other renewable energy,CA,1977,37381.66573
Other renewable energy,CA,1976,37512.98981
Other renewable energy,CA,1975,33779.66583
Other renewable energy,CA,1974,25610.42511
Other renewable energy,CA,1973,20421.79236
Other renewable energy,CA,1972,15078.55931
Other renewable energy,CA,1971,5739.34546
Other renewable energy,CA,1970,5511.2704
Other renewable energy,CA,1969,6421.87537
Other renewable energy,CA,1968,4531.71875
Other renewable energy,CA,1967,3299.73549
Other renewable energy,CA,1966,1957.89502
Other renewable energy,CA,1965,1977.85394
Other renewable energy,CA,1964,2132.06144
Other renewable energy,CA,1963,1760.48335
Other renewable energy,CA,1962,1060.6778
Other renewable energy,CA,1961,1001.32365
Other renewable energy,CA,1960,359.03968
Other renewable energy,NM,2009,15695.56171
Other renewable energy,NM,2008,16789.71453
Other renewable energy,NM,2007,14719.23121
Other renewable energy,NM,2006,13365.69832
Other renewable energy,NM,2005,8844.46455
Other renewable energy,NM,2004,6032.75559
Other renewable energy,NM,2003,2749.84043
Other renewable energy,NM,2002,1103.04782
Other renewable energy,NM,2001,1135.64667
Other renewable energy,NM,2000,1140.281
Other renewable energy,NM,1999,1153.1699
Other renewable energy,NM,1998,724.41699
Other renewable energy,NM,1997,736.11369
Other renewable energy,NM,1996,751.94317
Other renewable energy,NM,1995,759.03783
Other renewable energy,NM,1994,748.53372
Other renewable energy,NM,1993,724.5066
Other renewable energy,NM,1992,719.04804
Other renewable energy,NM,1991,713.38882
Other renewable energy,NM,1990,700.2803
Other renewable energy,NM,1989,677.83704
Other renewable energy,NM,1988,0
Other renewable energy,NM,1987,0
Other renewable energy,NM,1986,0
Other renewable energy,NM,1985,0
Other renewable energy,NM,1984,0
Other renewable energy,NM,1983,0
Other renewable energy,NM,1982,0
Other renewable energy,NM,1981,0
Other renewable energy,NM,1980,0
Other renewable energy,NM,1979,0
Other renewable energy,NM,1978,0
Other renewable energy,NM,1977,0
Other renewable energy,NM,1976,0
Other renewable energy,NM,1975,0
Other renewable energy,NM,1974,0
Other renewable energy,NM,1973,0
Other renewable energy,NM,1972,0
Other renewable energy,NM,1971,0
Other renewable energy,NM,1970,0
Other renewable energy,NM,1969,0
Other renewable energy,NM,1968,0
Other renewable energy,NM,1967,0
Other renewable energy,NM,1966,0
Other renewable energy,NM,1965,0
Other renewable energy,NM,1964,0
Other renewable energy,NM,1963,0
Other renewable energy,NM,1962,0
Other renewable energy,NM,1961,0
Other renewable energy,NM,1960,0
Other renewable energy,TX,2009,198331.551
Other renewable energy,TX,2008,162281.225
Other renewable energy,TX,2007,91122.02824
Other renewable energy,TX,2006,68040.09642
Other renewable energy,TX,2005,44092.45758
Other renewable energy,TX,2004,33017.50253
Other renewable energy,TX,2003,27804.2492
Other renewable energy,TX,2002,28283.79638
Other renewable energy,TX,2001,13479.4881
Other renewable energy,TX,2000,6149.89901
Other renewable energy,TX,1999,4422.46381
Other renewable energy,TX,1998,1902.78487
Other renewable energy,TX,1997,1784.04178
Other renewable energy,TX,1996,1775.79413
Other renewable energy,TX,1995,857.12183
Other renewable energy,TX,1994,811.68702
Other renewable energy,TX,1993,780.00912
Other renewable energy,TX,1992,735.7391
Other renewable energy,TX,1991,695.371
Other renewable energy,TX,1990,614.3904
Other renewable energy,TX,1989,553.76989
Other renewable energy,TX,1988,0
Other renewable energy,TX,1987,0
Other renewable energy,TX,1986,0
Other renewable energy,TX,1985,0
Other renewable energy,TX,1984,0
Other renewable energy,TX,1983,0
Other renewable energy,TX,1982,0
Other renewable energy,TX,1981,0
Other renewable energy,TX,1980,0
Other renewable energy,TX,1979,0
Other renewable energy,TX,1978,0
Other renewable energy,TX,1977,0
Other renewable energy,TX,1976,0
Other renewable energy,TX,1975,0
Other renewable energy,TX,1974,0
Other renewable energy,TX,1973,0
Other renewable energy,TX,1972,0
Other renewable energy,TX,1971,0
Other renewable energy,TX,1970,0
Other renewable energy,TX,1969,0
Other renewable energy,TX,1968,0
Other renewable energy,TX,1967,0
Other renewable energy,TX,1966,0
Other renewable energy,TX,1965,0
Other renewable energy,TX,1964,0
Other renewable energy,TX,1963,0
Other renewable energy,TX,1962,0
Other renewable energy,TX,1961,0
Other renewable energy,TX,1960,0
Nuclear electric power,AZ,2009,320722.9615
Nuclear electric power,AZ,2008,305755.4347
Nuclear electric power,AZ,2007,280813.3696
Nuclear electric power,AZ,2006,250591.6427
Nuclear electric power,AZ,2005,269326.5065
Nuclear electric power,AZ,2004,293130.174
Nuclear electric power,AZ,2003,297843.1533
Nuclear electric power,AZ,2002,322260.0747
Nuclear electric power,AZ,2001,299965.5257
Nuclear electric power,AZ,2000,316838.975
Nuclear electric power,AZ,1999,317842.7274
Nuclear electric power,AZ,1998,317888.2631
Nuclear electric power,AZ,1997,307623.2148
Nuclear electric power,AZ,1996,302902.1823
Nuclear electric power,AZ,1995,283526.2151
Nuclear electric power,AZ,1994,242182.1841
Nuclear electric power,AZ,1993,231601.4355
Nuclear electric power,AZ,1992,268148.7605
Nuclear electric power,AZ,1991,263104.1156
Nuclear electric power,AZ,1990,217964.745
Nuclear electric power,AZ,1989,83079.97889
Nuclear electric power,AZ,1988,243215.0432
Nuclear electric power,AZ,1987,140531.7148
Nuclear electric power,AZ,1986,105540.3568
Nuclear electric power,AZ,1985,12004.66574
Nuclear electric power,AZ,1984,0
Nuclear electric power,AZ,1983,0
Nuclear electric power,AZ,1982,0
Nuclear electric power,AZ,1981,0
Nuclear electric power,AZ,1980,0
Nuclear electric power,AZ,1979,0
Nuclear electric power,AZ,1978,0
Nuclear electric power,AZ,1977,0
Nuclear electric power,AZ,1976,0
Nuclear electric power,AZ,1975,0
Nuclear electric power,AZ,1974,0
Nuclear electric power,AZ,1973,0
Nuclear electric power,AZ,1972,0
Nuclear electric power,AZ,1971,0
Nuclear electric power,AZ,1970,0
Nuclear electric power,AZ,1969,0
Nuclear electric power,AZ,1968,0
Nuclear electric power,AZ,1967,0
Nuclear electric power,AZ,1966,0
Nuclear electric power,AZ,1965,0
Nuclear electric power,AZ,1964,0
Nuclear electric power,AZ,1963,0
Nuclear electric power,AZ,1962,0
Nuclear electric power,AZ,1961,0
Nuclear electric power,AZ,1960,0
Nuclear electric power,CA,2009,332249.3898
Nuclear electric power,CA,2008,339538.015
Nuclear electric power,CA,2007,375284.2577
Nuclear electric power,CA,2006,333520.1688
Nuclear electric power,CA,2005,377312.5155
Nuclear electric power,CA,2004,315603.2578
Nuclear electric power,CA,2003,370922.8752
Nuclear electric power,CA,2002,358707.1343
Nuclear electric power,CA,2001,346911.4474
Nuclear electric power,CA,2000,366845.3417
Nuclear electric power,CA,1999,348735.9057
Nuclear electric power,CA,1998,362927.8152
Nuclear electric power,CA,1997,320194.1663
Nuclear electric power,CA,1996,358119.3206
Nuclear electric power,CA,1995,317794.0496
Nuclear electric power,CA,1994,352778.3811
Nuclear electric power,CA,1993,331723.5888
Nuclear electric power,CA,1992,369043.4423
Nuclear electric power,CA,1991,330684.2207
Nuclear electric power,CA,1990,345955.2837
Nuclear electric power,CA,1989,344145.6032
Nuclear electric power,CA,1988,327209.1019
Nuclear electric power,CA,1987,317297.9841
Nuclear electric power,CA,1986,277331.5318
Nuclear electric power,CA,1985,209564.9433
Nuclear electric power,CA,1984,153366.016
Nuclear electric power,CA,1983,61214.20334
Nuclear electric power,CA,1982,41357.33388
Nuclear electric power,CA,1981,35367.1435
Nuclear electric power,CA,1980,53664.94933
Nuclear electric power,CA,1979,95319.99209
Nuclear electric power,CA,1978,83800.5873
Nuclear electric power,CA,1977,87395.5072
Nuclear electric power,CA,1976,53107.03848
Nuclear electric power,CA,1975,66855.44071
Nuclear electric power,CA,1974,41276.82675
Nuclear electric power,CA,1973,28689.30377
Nuclear electric power,CA,1972,34266.3591
Nuclear electric power,CA,1971,38137.4837
Nuclear electric power,CA,1970,34375.38659
Nuclear electric power,CA,1969,27127.08075
Nuclear electric power,CA,1968,17003.40842
Nuclear electric power,CA,1967,6502.68025
Nuclear electric power,CA,1966,1895.46722
Nuclear electric power,CA,1965,3192.78133
Nuclear electric power,CA,1964,4368.91659
Nuclear electric power,CA,1963,2287.60522
Nuclear electric power,CA,1962,83.84509
Nuclear electric power,CA,1961,55.27264
Nuclear electric power,CA,1960,0.51168
Nuclear electric power,NM,2009,0
Nuclear electric power,NM,2008,0
Nuclear electric power,NM,2007,0
Nuclear electric power,NM,2006,0
Nuclear electric power,NM,2005,0
Nuclear electric power,NM,2004,0
Nuclear electric power,NM,2003,0
Nuclear electric power,NM,2002,0
Nuclear electric power,NM,2001,0
Nuclear electric power,NM,2000,0
Nuclear electric power,NM,1999,0
Nuclear electric power,NM,1998,0
Nuclear electric power,NM,1997,0
Nuclear electric power,NM,1996,0
Nuclear electric power,NM,1995,0
Nuclear electric power,NM,1994,0
Nuclear electric power,NM,1993,0
Nuclear electric power,NM,1992,0
Nuclear electric power,NM,1991,0
Nuclear electric power,NM,1990,0
Nuclear electric power,NM,1989,0
Nuclear electric power,NM,1988,0
Nuclear electric power,NM,1987,0
Nuclear electric power,NM,1986,0
Nuclear electric power,NM,1985,0
Nuclear electric power,NM,1984,0
Nuclear electric power,NM,1983,0
Nuclear electric power,NM,1982,0
Nuclear electric power,NM,1981,0
Nuclear electric power,NM,1980,0
Nuclear electric power,NM,1979,0
Nuclear electric power,NM,1978,0
Nuclear electric power,NM,1977,0
Nuclear electric power,NM,1976,0
Nuclear electric power,NM,1975,0
Nuclear electric power,NM,1974,0
Nuclear electric power,NM,1973,0
Nuclear electric power,NM,1972,0
Nuclear electric power,NM,1971,0
Nuclear electric power,NM,1970,0
Nuclear electric power,NM,1969,0
Nuclear electric power,NM,1968,0
Nuclear electric power,NM,1967,0
Nuclear electric power,NM,1966,0
Nuclear electric power,NM,1965,0
Nuclear electric power,NM,1964,0
Nuclear electric power,NM,1963,0
Nuclear electric power,NM,1962,0
Nuclear electric power,NM,1961,0
Nuclear electric power,NM,1960,0
Nuclear electric power,TX,2009,434065.0738
Nuclear electric power,TX,2008,425723.1986
Nuclear electric power,TX,2007,429413.4896
Nuclear electric power,TX,2006,430634.0052
Nuclear electric power,TX,2005,398994.297
Nuclear electric power,TX,2004,421619.6238
Nuclear electric power,TX,2003,348452.0208
Nuclear electric power,TX,2002,371923.1978
Nuclear electric power,TX,2001,398534.7783
Nuclear electric power,TX,2000,391669.5112
Nuclear electric power,TX,1999,384140.9446
Nuclear electric power,TX,1998,405845.6883
Nuclear electric power,TX,1997,392031.1476
Nuclear electric power,TX,1996,375656.0747
Nuclear electric power,TX,1995,379841.9718
Nuclear electric power,TX,1994,300447.6943
Nuclear electric power,TX,1993,130320.7541
Nuclear electric power,TX,1992,256501.7206
Nuclear electric power,TX,1991,207581.8056
Nuclear electric power,TX,1990,167822.6682
Nuclear electric power,TX,1989,105721.7888
Nuclear electric power,TX,1988,40200.58939
Nuclear electric power,TX,1987,0
Nuclear electric power,TX,1986,0
Nuclear electric power,TX,1985,0
Nuclear electric power,TX,1984,0
Nuclear electric power,TX,1983,0
Nuclear electric power,TX,1982,0
Nuclear electric power,TX,1981,0
Nuclear electric power,TX,1980,0
Nuclear electric power,TX,1979,0
Nuclear electric power,TX,1978,0
Nuclear electric power,TX,1977,0
Nuclear electric power,TX,1976,0
Nuclear electric power,TX,1975,0
Nuclear electric power,TX,1974,0
Nuclear electric power,TX,1973,0
Nuclear electric power,TX,1972,0
Nuclear electric power,TX,1971,0
Nuclear electric power,TX,1970,0
Nuclear electric power,TX,1969,0
Nuclear electric power,TX,1968,0
Nuclear electric power,TX,1967,0
Nuclear electric power,TX,1966,0
Nuclear electric power,TX,1965,0
Nuclear electric power,TX,1964,0
Nuclear electric power,TX,1963,0
Nuclear electric power,TX,1962,0
Nuclear electric power,TX,1961,0
Nuclear electric power,TX,1960,0
Net interstate flow of electricity,AZ,2009,-280659.8302
Net interstate flow of electricity,AZ,2008,-300078.3308
Net interstate flow of electricity,AZ,2007,-227993.5133
Net interstate flow of electricity,AZ,2006,-201040.8886
Net interstate flow of electricity,AZ,2005,-218320.2984
Net interstate flow of electricity,AZ,2004,-287544.7408
Net interstate flow of electricity,AZ,2003,-235746.0824
Net interstate flow of electricity,AZ,2002,-252358.0888
Net interstate flow of electricity,AZ,2001,-241076.41
Net interstate flow of electricity,AZ,2000,-238408.4068
Net interstate flow of electricity,AZ,1999,-219643.992
Net interstate flow of electricity,AZ,1998,-226696.7787
Net interstate flow of electricity,AZ,1997,-210479.7276
Net interstate flow of electricity,AZ,1996,-171958.6306
Net interstate flow of electricity,AZ,1995,-182004.629
Net interstate flow of electricity,AZ,1994,-211868.8153
Net interstate flow of electricity,AZ,1993,-204304.4712
Net interstate flow of electricity,AZ,1992,-240608.4432
Net interstate flow of electricity,AZ,1991,-223999.6127
Net interstate flow of electricity,AZ,1990,-185374.5258
Net interstate flow of electricity,AZ,1989,-98730.69512
Net interstate flow of electricity,AZ,1988,-220887.3262
Net interstate flow of electricity,AZ,1987,-143958.1541
Net interstate flow of electricity,AZ,1986,-163290.0685
Net interstate flow of electricity,AZ,1985,-137017.5779
Net interstate flow of electricity,AZ,1984,-149838.7364
Net interstate flow of electricity,AZ,1983,-123029.157
Net interstate flow of electricity,AZ,1982,-105497.1864
Net interstate flow of electricity,AZ,1981,-100758.0914
Net interstate flow of electricity,AZ,1980,-85760.25792
Net interstate flow of electricity,AZ,1979,-69540.3601
Net interstate flow of electricity,AZ,1978,-35602.53801
Net interstate flow of electricity,AZ,1977,-44238.21479
Net interstate flow of electricity,AZ,1976,-20045.39195
Net interstate flow of electricity,AZ,1975,15561.37605
Net interstate flow of electricity,AZ,1974,15183.33347
Net interstate flow of electricity,AZ,1973,28664.8143
Net interstate flow of electricity,AZ,1972,31290.22102
Net interstate flow of electricity,AZ,1971,24078.6073
Net interstate flow of electricity,AZ,1970,25177.59952
Net interstate flow of electricity,AZ,1969,10278.16051
Net interstate flow of electricity,AZ,1968,5975.5649
Net interstate flow of electricity,AZ,1967,13846.63119
Net interstate flow of electricity,AZ,1966,4359.10493
Net interstate flow of electricity,AZ,1965,6286.76535
Net interstate flow of electricity,AZ,1964,4191.17601
Net interstate flow of electricity,AZ,1963,-8764.4723
Net interstate flow of electricity,AZ,1962,-15114.72589
Net interstate flow of electricity,AZ,1961,-16325.55906
Net interstate flow of electricity,AZ,1960,-15016.87905
Net interstate flow of electricity,CA,2009,1008499.312
Net interstate flow of electricity,CA,2008,1109175.126
Net interstate flow of electricity,CA,2007,1023262.264
Net interstate flow of electricity,CA,2006,920142.2772
Net interstate flow of electricity,CA,2005,974356.0607
Net interstate flow of electricity,CA,2004,1003421.569
Net interstate flow of electricity,CA,2003,889094.8357
Net interstate flow of electricity,CA,2002,860052.9318
Net interstate flow of electricity,CA,2001,828179.4072
Net interstate flow of electricity,CA,2000,763322.1705
Net interstate flow of electricity,CA,1999,835191.9912
Net interstate flow of electricity,CA,1998,821740.4883
Net interstate flow of electricity,CA,1997,915261.2347
Net interstate flow of electricity,CA,1996,795346.4729
Net interstate flow of electricity,CA,1995,667923.5235
Net interstate flow of electricity,CA,1994,614861.4994
Net interstate flow of electricity,CA,1993,576039.2601
Net interstate flow of electricity,CA,1992,702878.4787
Net interstate flow of electricity,CA,1991,826501.2984
Net interstate flow of electricity,CA,1990,805098.6922
Net interstate flow of electricity,CA,1989,651894.8943
Net interstate flow of electricity,CA,1988,873975.9697
Net interstate flow of electricity,CA,1987,739037.6499
Net interstate flow of electricity,CA,1986,735590.4893
Net interstate flow of electricity,CA,1985,701176.3182
Net interstate flow of electricity,CA,1984,692999.4598
Net interstate flow of electricity,CA,1983,608021.4272
Net interstate flow of electricity,CA,1982,623145.4312
Net interstate flow of electricity,CA,1981,556534.1407
Net interstate flow of electricity,CA,1980,460543.7025
Net interstate flow of electricity,CA,1979,369622.8614
Net interstate flow of electricity,CA,1978,443647.1168
Net interstate flow of electricity,CA,1977,385390.8128
Net interstate flow of electricity,CA,1976,549253.7331
Net interstate flow of electricity,CA,1975,417168.4002
Net interstate flow of electricity,CA,1974,259716.8978
Net interstate flow of electricity,CA,1973,195788.6555
Net interstate flow of electricity,CA,1972,279958.3085
Net interstate flow of electricity,CA,1971,203994.4437
Net interstate flow of electricity,CA,1970,137143.3777
Net interstate flow of electricity,CA,1969,76757.22842
Net interstate flow of electricity,CA,1968,52801.58186
Net interstate flow of electricity,CA,1967,6948.11481
Net interstate flow of electricity,CA,1966,14027.17346
Net interstate flow of electricity,CA,1965,-2713.41458
Net interstate flow of electricity,CA,1964,-14924.40848
Net interstate flow of electricity,CA,1963,-24171.17268
Net interstate flow of electricity,CA,1962,-7444.15771
Net interstate flow of electricity,CA,1961,8618.03263
Net interstate flow of electricity,CA,1960,5117.06094
Net interstate flow of electricity,NM,2009,-166159.7439
Net interstate flow of electricity,NM,2008,-136922.8644
Net interstate flow of electricity,NM,2007,-134546.2182
Net interstate flow of electricity,NM,2006,-154841.1986
Net interstate flow of electricity,NM,2005,-143810.2103
Net interstate flow of electricity,NM,2004,-129038.1761
Net interstate flow of electricity,NM,2003,-134908.2201
Net interstate flow of electricity,NM,2002,-112107.5299
Net interstate flow of electricity,NM,2001,-140946.6877
Net interstate flow of electricity,NM,2000,-143467.8581
Net interstate flow of electricity,NM,1999,-140707.6469
Net interstate flow of electricity,NM,1998,-134943.569
Net interstate flow of electricity,NM,1997,-135511.495
Net interstate flow of electricity,NM,1996,-124036.113
Net interstate flow of electricity,NM,1995,-126663.4748
Net interstate flow of electricity,NM,1994,-137198.414
Net interstate flow of electricity,NM,1993,-134422.2348
Net interstate flow of electricity,NM,1992,-131938.4297
Net interstate flow of electricity,NM,1991,-107507.6543
Net interstate flow of electricity,NM,1990,-148377.2593
Net interstate flow of electricity,NM,1989,-158993.8759
Net interstate flow of electricity,NM,1988,-148278.804
Net interstate flow of electricity,NM,1987,-145453.5734
Net interstate flow of electricity,NM,1986,-131018.2396
Net interstate flow of electricity,NM,1985,-163479.0515
Net interstate flow of electricity,NM,1984,-159942.7988
Net interstate flow of electricity,NM,1983,-193231.1873
Net interstate flow of electricity,NM,1982,-169453.5793
Net interstate flow of electricity,NM,1981,-151128.182
Net interstate flow of electricity,NM,1980,-161174.5261
Net interstate flow of electricity,NM,1979,-119957.7634
Net interstate flow of electricity,NM,1978,-119108.4394
Net interstate flow of electricity,NM,1977,-143459.8421
Net interstate flow of electricity,NM,1976,-132743.3583
Net interstate flow of electricity,NM,1975,-134253.8294
Net interstate flow of electricity,NM,1974,-135916.1423
Net interstate flow of electricity,NM,1973,-127352.5797
Net interstate flow of electricity,NM,1972,-112440.3238
Net interstate flow of electricity,NM,1971,-104940.5543
Net interstate flow of electricity,NM,1970,-94498.26936
Net interstate flow of electricity,NM,1969,-50513.79458
Net interstate flow of electricity,NM,1968,-42211.7256
Net interstate flow of electricity,NM,1967,-48421.10944
Net interstate flow of electricity,NM,1966,-40994.13769
Net interstate flow of electricity,NM,1965,-49400.80074
Net interstate flow of electricity,NM,1964,-24211.1063
Net interstate flow of electricity,NM,1963,-9589.36366
Net interstate flow of electricity,NM,1962,5036.21492
Net interstate flow of electricity,NM,1961,3826.22487
Net interstate flow of electricity,NM,1960,3076.95611
Net interstate flow of electricity,TX,2009,100964.4193
Net interstate flow of electricity,TX,2008,66433.32181
Net interstate flow of electricity,TX,2007,59886.57523
Net interstate flow of electricity,TX,2006,117173.6554
Net interstate flow of electricity,TX,2005,79774.36495
Net interstate flow of electricity,TX,2004,31330.331
Net interstate flow of electricity,TX,2003,90700.80371
Net interstate flow of electricity,TX,2002,30720.76889
Net interstate flow of electricity,TX,2001,63990.64545
Net interstate flow of electricity,TX,2000,18169.222
Net interstate flow of electricity,TX,1999,8160.36822
Net interstate flow of electricity,TX,1998,41613.74769
Net interstate flow of electricity,TX,1997,42392.661
Net interstate flow of electricity,TX,1996,41644.54089
Net interstate flow of electricity,TX,1995,-28812.62177
Net interstate flow of electricity,TX,1994,-16654.3734
Net interstate flow of electricity,TX,1993,6789.71267
Net interstate flow of electricity,TX,1992,-24661.17763
Net interstate flow of electricity,TX,1991,13329.4351
Net interstate flow of electricity,TX,1990,27730.91483
Net interstate flow of electricity,TX,1989,-12850.94215
Net interstate flow of electricity,TX,1988,109756.7239
Net interstate flow of electricity,TX,1987,109580.1683
Net interstate flow of electricity,TX,1986,95523.71016
Net interstate flow of electricity,TX,1985,60727.86223
Net interstate flow of electricity,TX,1984,28169.05536
Net interstate flow of electricity,TX,1983,-19480.77722
Net interstate flow of electricity,TX,1982,-63936.35889
Net interstate flow of electricity,TX,1981,-101535.7464
Net interstate flow of electricity,TX,1980,-92471.70711
Net interstate flow of electricity,TX,1979,-62126.07351
Net interstate flow of electricity,TX,1978,-36843.46792
Net interstate flow of electricity,TX,1977,-35229.37432
Net interstate flow of electricity,TX,1976,-22347.46645
Net interstate flow of electricity,TX,1975,-28221.37854
Net interstate flow of electricity,TX,1974,-12772.74075
Net interstate flow of electricity,TX,1973,-4388.51417
Net interstate flow of electricity,TX,1972,-21702.19978
Net interstate flow of electricity,TX,1971,-5901.28889
Net interstate flow of electricity,TX,1970,14088.65359
Net interstate flow of electricity,TX,1969,1540.81922
Net interstate flow of electricity,TX,1968,-2006.37275
Net interstate flow of electricity,TX,1967,-8678.31286
Net interstate flow of electricity,TX,1966,-5553.63588
Net interstate flow of electricity,TX,1965,-10667.27169
Net interstate flow of electricity,TX,1964,-31492.66894
Net interstate flow of electricity,TX,1963,-25200.65837
Net interstate flow of electricity,TX,1962,-21060.34191
Net interstate flow of electricity,TX,1961,-10110.75857
Net interstate flow of electricity,TX,1960,-10451.65622
Natural gas ,AZ,2009,376674.7907
Natural gas ,AZ,2008,409965.9579
Natural gas ,AZ,2007,401991.6341
Natural gas ,AZ,2006,365229.5651
Natural gas ,AZ,2005,329301.673
Natural gas ,AZ,2004,356264.7418
Natural gas ,AZ,2003,275650.1151
Natural gas ,AZ,2002,255247.2894
Natural gas ,AZ,2001,244424.0247
Natural gas ,AZ,2000,208137.0766
Natural gas ,AZ,1999,167770.1576
Natural gas ,AZ,1998,161086.4893
Natural gas ,AZ,1997,137588.4515
Natural gas ,AZ,1996,125264.8684
Natural gas ,AZ,1995,127944.6977
Natural gas ,AZ,1994,139733.0287
Natural gas ,AZ,1993,118159.0624
Natural gas ,AZ,1992,133771.0614
Natural gas ,AZ,1991,128178.1975
Natural gas ,AZ,1990,130781.2465
Natural gas ,AZ,1989,151467.8402
Natural gas ,AZ,1988,128594.321
Natural gas ,AZ,1987,121301.2125
Natural gas ,AZ,1986,105102.6291
Natural gas ,AZ,1985,137315.0258
Natural gas ,AZ,1984,126844.1484
Natural gas ,AZ,1983,120418.0545
Natural gas ,AZ,1982,142322.8669
Natural gas ,AZ,1981,192207.5839
Natural gas ,AZ,1980,173969.8248
Natural gas ,AZ,1979,180579.7877
Natural gas ,AZ,1978,186366.0558
Natural gas ,AZ,1977,176448.9725
Natural gas ,AZ,1976,180180.8666
Natural gas ,AZ,1975,164345.6261
Natural gas ,AZ,1974,204955.2307
Natural gas ,AZ,1973,226324.748
Natural gas ,AZ,1972,241355.3408
Natural gas ,AZ,1971,225898.1239
Natural gas ,AZ,1970,204382.7089
Natural gas ,AZ,1969,210332.0103
Natural gas ,AZ,1968,189964.9013
Natural gas ,AZ,1967,169085.3661
Natural gas ,AZ,1966,174447.576
Natural gas ,AZ,1965,166063.384
Natural gas ,AZ,1964,174623
Natural gas ,AZ,1963,169532.724
Natural gas ,AZ,1962,163460.655
Natural gas ,AZ,1961,159092.955
Natural gas ,AZ,1960,140274.585
Natural gas ,CA,2009,2391376.808
Natural gas ,CA,2008,2475017.122
Natural gas ,CA,2007,2441192.083
Natural gas ,CA,2006,2375928.944
Natural gas ,CA,2005,2304462.868
Natural gas ,CA,2004,2462247.16
Natural gas ,CA,2003,2317062.583
Natural gas ,CA,2002,2318656
Natural gas ,CA,2001,2513856.34
Natural gas ,CA,2000,2456438.192
Natural gas ,CA,1999,2379557.562
Natural gas ,CA,1998,2418687.913
Natural gas ,CA,1997,2185029.247
Natural gas ,CA,1996,2017680.079
Natural gas ,CA,1995,2109955.873
Natural gas ,CA,1994,2334776.981
Natural gas ,CA,1993,2213111.106
Natural gas ,CA,1992,2294134.969
Natural gas ,CA,1991,2208285.484
Natural gas ,CA,1990,2101602.035
Natural gas ,CA,1989,2047845.051
Natural gas ,CA,1988,1860390.85
Natural gas ,CA,1987,1992956.392
Natural gas ,CA,1986,1591044.552
Natural gas ,CA,1985,1925458.889
Natural gas ,CA,1984,1739833.355
Natural gas ,CA,1983,1601037.23
Natural gas ,CA,1982,1765171.454
Natural gas ,CA,1981,1947370.391
Natural gas ,CA,1980,1890886.554
Natural gas ,CA,1979,1900356.5
Natural gas ,CA,1978,1646333.042
Natural gas ,CA,1977,1864186.794
Natural gas ,CA,1976,1849711.293
Natural gas ,CA,1975,1937321.759
Natural gas ,CA,1974,1937139.683
Natural gas ,CA,1973,2154045.471
Natural gas ,CA,1972,2303562.227
Natural gas ,CA,1971,2265324.458
Natural gas ,CA,1970,2241295.478
Natural gas ,CA,1969,2189883.373
Natural gas ,CA,1968,2187259.755
Natural gas ,CA,1967,2048733.968
Natural gas ,CA,1966,1982304.88
Natural gas ,CA,1965,1813213.342
Natural gas ,CA,1964,1817240.67
Natural gas ,CA,1963,1623369.503
Natural gas ,CA,1962,1483423.065
Natural gas ,CA,1961,1400173.875
Natural gas ,CA,1960,1301826.105
Natural gas ,NM,2009,247119.5569
Natural gas ,NM,2008,250857.9562
Natural gas ,NM,2007,240560.6914
Natural gas ,NM,2006,227660.6042
Natural gas ,NM,2005,225351.9866
Natural gas ,NM,2004,229164.8137
Natural gas ,NM,2003,225220.2961
Natural gas ,NM,2002,229690.7958
Natural gas ,NM,2001,259625.573
Natural gas ,NM,2000,259018.0439
Natural gas ,NM,1999,231312.1897
Natural gas ,NM,1998,241405.5558
Natural gas ,NM,1997,261880.9573
Natural gas ,NM,1996,233557.0239
Natural gas ,NM,1995,219475.7233
Natural gas ,NM,1994,221478.9856
Natural gas ,NM,1993,224999.0888
Natural gas ,NM,1992,211096.229
Natural gas ,NM,1991,227349.4645
Natural gas ,NM,1990,251469.9307
Natural gas ,NM,1989,205131.2704
Natural gas ,NM,1988,185245.5484
Natural gas ,NM,1987,164587.5777
Natural gas ,NM,1986,144531.8728
Natural gas ,NM,1985,162311.5483
Natural gas ,NM,1984,169780.7518
Natural gas ,NM,1983,184594.9762
Natural gas ,NM,1982,213347.3415
Natural gas ,NM,1981,205432.671
Natural gas ,NM,1980,231330.1814
Natural gas ,NM,1979,223092.3289
Natural gas ,NM,1978,225451.141
Natural gas ,NM,1977,242911.8601
Natural gas ,NM,1976,294878.1468
Natural gas ,NM,1975,255637.1358
Natural gas ,NM,1974,273397.0586
Natural gas ,NM,1973,274017.8054
Natural gas ,NM,1972,311896.837
Natural gas ,NM,1971,291725.7888
Natural gas ,NM,1970,292521.9324
Natural gas ,NM,1969,276591.1838
Natural gas ,NM,1968,286329.4875
Natural gas ,NM,1967,280382.0128
Natural gas ,NM,1966,247389.808
Natural gas ,NM,1965,224252.552
Natural gas ,NM,1964,226697.344
Natural gas ,NM,1963,239910.808
Natural gas ,NM,1962,247089.69
Natural gas ,NM,1961,218948.04
Natural gas ,NM,1960,207301.185
Natural gas ,TX,2009,3462210.402
Natural gas ,TX,2008,3657242.406
Natural gas ,TX,2007,3642271.119
Natural gas ,TX,2006,3549526.72
Natural gas ,TX,2005,3625116.384
Natural gas ,TX,2004,4043094.264
Natural gas ,TX,2003,4180255.726
Natural gas ,TX,2002,4449189.149
Natural gas ,TX,2001,4388363.695
Natural gas ,TX,2000,4550105.655
Natural gas ,TX,1999,4138068.257
Natural gas ,TX,1998,4377956.656
Natural gas ,TX,1997,4231566.37
Natural gas ,TX,1996,4268665.349
Natural gas ,TX,1995,4037537.985
Natural gas ,TX,1994,3885071.761
Natural gas ,TX,1993,3925162.889
Natural gas ,TX,1992,3768323.103
Natural gas ,TX,1991,3823074.973
Natural gas ,TX,1990,3876543.019
Natural gas ,TX,1989,3886107.172
Natural gas ,TX,1988,3665182.451
Natural gas ,TX,1987,3435408.448
Natural gas ,TX,1986,3312909.496
Natural gas ,TX,1985,3514363.302
Natural gas ,TX,1984,3556195.979
Natural gas ,TX,1983,3335504.764
Natural gas ,TX,1982,3503023.603
Natural gas ,TX,1981,4052341.117
Natural gas ,TX,1980,4226104.775
Natural gas ,TX,1979,4131399.272
Natural gas ,TX,1978,4329772.852
Natural gas ,TX,1977,4254884.869
Natural gas ,TX,1976,4074689.901
Natural gas ,TX,1975,4046930.491
Natural gas ,TX,1974,4584002.31
Natural gas ,TX,1973,4746154.938
Natural gas ,TX,1972,4531776.683
Natural gas ,TX,1971,4482575.729
Natural gas ,TX,1970,4203877.355
Natural gas ,TX,1969,4024716.694
Natural gas ,TX,1968,3836858.984
Natural gas ,TX,1967,3638596.329
Natural gas ,TX,1966,3404262.302
Natural gas ,TX,1965,3181455.854
Natural gas ,TX,1964,3040491.913
Natural gas ,TX,1963,3044427.711
Natural gas ,TX,1962,2959562.835
Natural gas ,TX,1961,2831992.875
Natural gas ,TX,1960,2815482.555
Hydroelectricity  ,AZ,2009,62730.8872
Hydroelectricity  ,AZ,2008,71795.27831
Hydroelectricity  ,AZ,2007,65211.38016
Hydroelectricity  ,AZ,2006,67378.81478
Hydroelectricity  ,AZ,2005,64094.23194
Hydroelectricity  ,AZ,2004,69884.87923
Hydroelectricity  ,AZ,2003,72454.91114
Hydroelectricity  ,AZ,2002,75556.70214
Hydroelectricity  ,AZ,2001,78774.29715
Hydroelectricity  ,AZ,2000,85221.35742
Hydroelectricity  ,AZ,1999,99793.66264
Hydroelectricity  ,AZ,1998,111863.0172
Hydroelectricity  ,AZ,1997,123060.4507
Hydroelectricity  ,AZ,1996,95276.44104
Hydroelectricity  ,AZ,1995,85470.17673
Hydroelectricity  ,AZ,1994,75981.7243
Hydroelectricity  ,AZ,1993,69040.28019
Hydroelectricity  ,AZ,1992,68471.86889
Hydroelectricity  ,AZ,1991,70292.09544
Hydroelectricity  ,AZ,1990,77157.62555
Hydroelectricity  ,AZ,1989,82170.81933
Hydroelectricity  ,AZ,1988,80384.6875
Hydroelectricity  ,AZ,1987,105592.3349
Hydroelectricity  ,AZ,1986,151060.2537
Hydroelectricity  ,AZ,1985,146122.6278
Hydroelectricity  ,AZ,1984,163692.0068
Hydroelectricity  ,AZ,1983,152355.3319
Hydroelectricity  ,AZ,1982,73333.60779
Hydroelectricity  ,AZ,1981,71114.17364
Hydroelectricity  ,AZ,1980,102171.4233
Hydroelectricity  ,AZ,1979,75122.5793
Hydroelectricity  ,AZ,1978,72740.79923
Hydroelectricity  ,AZ,1977,68842.57507
Hydroelectricity  ,AZ,1976,78612.19542
Hydroelectricity  ,AZ,1975,75483.5631
Hydroelectricity  ,AZ,1974,77275.3736
Hydroelectricity  ,AZ,1973,74774.3496
Hydroelectricity  ,AZ,1972,70406.32015
Hydroelectricity  ,AZ,1971,69609.84906
Hydroelectricity  ,AZ,1970,64579.78217
Hydroelectricity  ,AZ,1969,63450.93827
Hydroelectricity  ,AZ,1968,59309.14887
Hydroelectricity  ,AZ,1967,52242.53798
Hydroelectricity  ,AZ,1966,54380.45399
Hydroelectricity  ,AZ,1965,46399.81125
Hydroelectricity  ,AZ,1964,30181.71918
Hydroelectricity  ,AZ,1963,30833.67301
Hydroelectricity  ,AZ,1962,30861.24516
Hydroelectricity  ,AZ,1961,31245.74745
Hydroelectricity  ,AZ,1960,32168.50488
Hydroelectricity  ,CA,2009,272187.2346
Hydroelectricity  ,CA,2008,237755.436
Hydroelectricity  ,CA,2007,270107.4899
Hydroelectricity  ,CA,2006,476581.963
Hydroelectricity  ,CA,2005,396279.0337
Hydroelectricity  ,CA,2004,342160.3931
Hydroelectricity  ,CA,2003,372472.3694
Hydroelectricity  ,CA,2002,316793.6086
Hydroelectricity  ,CA,2001,263923.1714
Hydroelectricity  ,CA,2000,391042.951
Hydroelectricity  ,CA,1999,416573.1567
Hydroelectricity  ,CA,1998,505242.9954
Hydroelectricity  ,CA,1997,419290.0783
Hydroelectricity  ,CA,1996,462728.8866
Hydroelectricity  ,CA,1995,495317.6366
Hydroelectricity  ,CA,1994,237398.1363
Hydroelectricity  ,CA,1993,417437.4505
Hydroelectricity  ,CA,1992,208571.3542
Hydroelectricity  ,CA,1991,229143.9199
Hydroelectricity  ,CA,1990,247490.2819
Hydroelectricity  ,CA,1989,321317.5759
Hydroelectricity  ,CA,1988,242346.9181
Hydroelectricity  ,CA,1987,255937.463
Hydroelectricity  ,CA,1986,433077.1206
Hydroelectricity  ,CA,1985,331348.1572
Hydroelectricity  ,CA,1984,450580.1375
Hydroelectricity  ,CA,1983,598434.671
Hydroelectricity  ,CA,1982,525064.7575
Hydroelectricity  ,CA,1981,311123.9805
Hydroelectricity  ,CA,1980,423618.4329
Hydroelectricity  ,CA,1979,351169.7637
Hydroelectricity  ,CA,1978,385488.6825
Hydroelectricity  ,CA,1977,148706.8893
Hydroelectricity  ,CA,1976,240578.4684
Hydroelectricity  ,CA,1975,417308.8107
Hydroelectricity  ,CA,1974,484739.6517
Hydroelectricity  ,CA,1973,402618.3604
Hydroelectricity  ,CA,1972,329587.0651
Hydroelectricity  ,CA,1971,408829.5457
Hydroelectricity  ,CA,1970,399628.0481
Hydroelectricity  ,CA,1969,422243.4716
Hydroelectricity  ,CA,1968,282560.503
Hydroelectricity  ,CA,1967,368007.4733
Hydroelectricity  ,CA,1966,273246.5965
Hydroelectricity  ,CA,1965,319052.1299
Hydroelectricity  ,CA,1964,231188.2433
Hydroelectricity  ,CA,1963,265551.1897
Hydroelectricity  ,CA,1962,241087.4163
Hydroelectricity  ,CA,1961,163670.0923
Hydroelectricity  ,CA,1960,187704.519
Hydroelectricity  ,NM,2009,2644.59888
Hydroelectricity  ,NM,2008,3077.28595
Hydroelectricity  ,NM,2007,2648.69455
Hydroelectricity  ,NM,2006,1966.05491
Hydroelectricity  ,NM,2005,1649.76501
Hydroelectricity  ,NM,2004,1392.52683
Hydroelectricity  ,NM,2003,1748.12846
Hydroelectricity  ,NM,2002,2691.68424
Hydroelectricity  ,NM,2001,2452.22756
Hydroelectricity  ,NM,2000,2255.97155
Hydroelectricity  ,NM,1999,2481.95246
Hydroelectricity  ,NM,1998,2410.69316
Hydroelectricity  ,NM,1997,2643.22653
Hydroelectricity  ,NM,1996,2186.89966
Hydroelectricity  ,NM,1995,2721.54304
Hydroelectricity  ,NM,1994,2196.17324
Hydroelectricity  ,NM,1993,3029.06254
Hydroelectricity  ,NM,1992,2637.68573
Hydroelectricity  ,NM,1991,2474.45909
Hydroelectricity  ,NM,1990,2136.93487
Hydroelectricity  ,NM,1989,2423.22842
Hydroelectricity  ,NM,1988,1036.26118
Hydroelectricity  ,NM,1987,1710.59142
Hydroelectricity  ,NM,1986,1737.58764
Hydroelectricity  ,NM,1985,1336.18175
Hydroelectricity  ,NM,1984,979.20936
Hydroelectricity  ,NM,1983,933.46064
Hydroelectricity  ,NM,1982,821.0258
Hydroelectricity  ,NM,1981,919.63403
Hydroelectricity  ,NM,1980,977.49002
Hydroelectricity  ,NM,1979,702.06799
Hydroelectricity  ,NM,1978,311.77285
Hydroelectricity  ,NM,1977,291.42868
Hydroelectricity  ,NM,1976,790.47447
Hydroelectricity  ,NM,1975,659.5635
Hydroelectricity  ,NM,1974,765.77451
Hydroelectricity  ,NM,1973,674.8175
Hydroelectricity  ,NM,1972,209.68694
Hydroelectricity  ,NM,1971,285.4312
Hydroelectricity  ,NM,1970,690.03297
Hydroelectricity  ,NM,1969,667.5633
Hydroelectricity  ,NM,1968,446.50052
Hydroelectricity  ,NM,1967,366.53875
Hydroelectricity  ,NM,1966,705.83497
Hydroelectricity  ,NM,1965,447.98422
Hydroelectricity  ,NM,1964,98.72989
Hydroelectricity  ,NM,1963,456.59592
Hydroelectricity  ,NM,1962,672.22786
Hydroelectricity  ,NM,1961,553.3314
Hydroelectricity  ,NM,1960,745.4528
Hydroelectricity  ,TX,2009,10039.69525
Hydroelectricity  ,TX,2008,10242.91137
Hydroelectricity  ,TX,2007,16253.61185
Hydroelectricity  ,TX,2006,6566.09035
Hydroelectricity  ,TX,2005,13324.26754
Hydroelectricity  ,TX,2004,13034.7034
Hydroelectricity  ,TX,2003,9181.4559
Hydroelectricity  ,TX,2002,11429.28412
Hydroelectricity  ,TX,2001,12403.03056
Hydroelectricity  ,TX,2000,8456.25156
Hydroelectricity  ,TX,1999,11455.22656
Hydroelectricity  ,TX,1998,14528.89974
Hydroelectricity  ,TX,1997,18288.92975
Hydroelectricity  ,TX,1996,9924.76628
Hydroelectricity  ,TX,1995,17564.92458
Hydroelectricity  ,TX,1994,15787.97778
Hydroelectricity  ,TX,1993,18416.04915
Hydroelectricity  ,TX,1992,27283.89209
Hydroelectricity  ,TX,1991,23215.72732
Hydroelectricity  ,TX,1990,18657.28725
Hydroelectricity  ,TX,1989,15033.98291
Hydroelectricity  ,TX,1988,12750.63555
Hydroelectricity  ,TX,1987,22481.84731
Hydroelectricity  ,TX,1986,20603.02186
Hydroelectricity  ,TX,1985,14635.59929
Hydroelectricity  ,TX,1984,10766.6154
Hydroelectricity  ,TX,1983,11648.20688
Hydroelectricity  ,TX,1982,10737.83655
Hydroelectricity  ,TX,1981,11972.11358
Hydroelectricity  ,TX,1980,10171.1505
Hydroelectricity  ,TX,1979,12447.87779
Hydroelectricity  ,TX,1978,7923.41934
Hydroelectricity  ,TX,1977,12199.3185
Hydroelectricity  ,TX,1976,11080.38674
Hydroelectricity  ,TX,1975,20052.04982
Hydroelectricity  ,TX,1974,17035.43383
Hydroelectricity  ,TX,1973,17662.50512
Hydroelectricity  ,TX,1972,8614.71531
Hydroelectricity  ,TX,1971,9219.70746
Hydroelectricity  ,TX,1970,10549.85956
Hydroelectricity  ,TX,1969,13278.80561
Hydroelectricity  ,TX,1968,13790.12914
Hydroelectricity  ,TX,1967,6043.41408
Hydroelectricity  ,TX,1966,8195.3552
Hydroelectricity  ,TX,1965,7770.917
Hydroelectricity  ,TX,1964,4747.83345
Hydroelectricity  ,TX,1963,5008.91804
Hydroelectricity  ,TX,1962,8446.13605
Hydroelectricity  ,TX,1961,13142.739
Hydroelectricity  ,TX,1960,11858.66056
Coal ,AZ,2009,413259.9226
Coal ,AZ,2008,458726.7285
Coal ,AZ,2007,438524.2236
Coal ,AZ,2006,431984.5691
Coal ,AZ,2005,428444.8054
Coal ,AZ,2004,425413.1317
Coal ,AZ,2003,406536.9641
Coal ,AZ,2002,406478.8093
Coal ,AZ,2001,424023.2213
Coal ,AZ,2000,432810.0454
Coal ,AZ,1999,403262.1076
Coal ,AZ,1998,386769.6754
Coal ,AZ,1997,369871.869
Coal ,AZ,1996,342839.3757
Coal ,AZ,1995,342889.3714
Coal ,AZ,1994,402390.1462
Coal ,AZ,1993,389838.7377
Coal ,AZ,1992,369742.9504
Coal ,AZ,1991,347261.3399
Coal ,AZ,1990,343414.509
Coal ,AZ,1989,353144.049
Coal ,AZ,1988,309040.895
Coal ,AZ,1987,282881.8233
Coal ,AZ,1986,295888.0014
Coal ,AZ,1985,342012.7337
Coal ,AZ,1984,324862.346
Coal ,AZ,1983,295441.9187
Coal ,AZ,1982,336245.059
Coal ,AZ,1981,319438.1119
Coal ,AZ,1980,244994.3448
Coal ,AZ,1979,246230.2266
Coal ,AZ,1978,159979.5618
Coal ,AZ,1977,179847.4746
Coal ,AZ,1976,139959.9045
Coal ,AZ,1975,92448.56979
Coal ,AZ,1974,48358.9072
Coal ,AZ,1973,9926.90018
Coal ,AZ,1972,7522.79594
Coal ,AZ,1971,8875.93953
Coal ,AZ,1970,8622.9298
Coal ,AZ,1969,8381.44702
Coal ,AZ,1968,8137.1679
Coal ,AZ,1967,7183.65905
Coal ,AZ,1966,7372.74514
Coal ,AZ,1965,7030.44355
Coal ,AZ,1964,9102.72547
Coal ,AZ,1963,8432.01905
Coal ,AZ,1962,6290.98311
Coal ,AZ,1961,210.66932
Coal ,AZ,1960,209.57935
Coal ,CA,2009,52403.09775
Coal ,CA,2008,63050.16857
Coal ,CA,2007,66494.60273
Coal ,CA,2006,67016.54708
Coal ,CA,2005,67422.33819
Coal ,CA,2004,68909.34635
Coal ,CA,2003,69469.16922
Coal ,CA,2002,70009.96196
Coal ,CA,2001,67839.48592
Coal ,CA,2000,70011.69418
Coal ,CA,1999,69547.22128
Coal ,CA,1998,66156.57709
Coal ,CA,1997,82651.06498
Coal ,CA,1996,80324.43099
Coal ,CA,1995,84323.12291
Coal ,CA,1994,84615.77611
Coal ,CA,1993,84669.28642
Coal ,CA,1992,91515.05006
Coal ,CA,1991,89519.12363
Coal ,CA,1990,84159.70697
Coal ,CA,1989,66426.63687
Coal ,CA,1988,50824.28608
Coal ,CA,1987,44951.38533
Coal ,CA,1986,42518.7609
Coal ,CA,1985,45264.37754
Coal ,CA,1984,37242.74012
Coal ,CA,1983,32021.77139
Coal ,CA,1982,69414.68153
Coal ,CA,1981,78400.54828
Coal ,CA,1980,66169.6168
Coal ,CA,1979,68564.94334
Coal ,CA,1978,67891.9103
Coal ,CA,1977,75109.05148
Coal ,CA,1976,66629.89346
Coal ,CA,1975,56405.23
Coal ,CA,1974,60670.1672
Coal ,CA,1973,66956.00654
Coal ,CA,1972,47451.94713
Coal ,CA,1971,51014.75909
Coal ,CA,1970,61811.50474
Coal ,CA,1969,60030.64937
Coal ,CA,1968,57010.63322
Coal ,CA,1967,53948.98003
Coal ,CA,1966,51515.03837
Coal ,CA,1965,63692.80664
Coal ,CA,1964,53722.75475
Coal ,CA,1963,46127.33651
Coal ,CA,1962,39681.01509
Coal ,CA,1961,59106.44867
Coal ,CA,1960,35903.06676
Coal ,NM,2009,306161.5315
Coal ,NM,2008,284345.6173
Coal ,NM,2007,296066.66
Coal ,NM,2006,316221.4589
Coal ,NM,2005,317916.0977
Coal ,NM,2004,309418.1458
Coal ,NM,2003,305640.8118
Coal ,NM,2002,284131.9322
Coal ,NM,2001,297095.5084
Coal ,NM,2000,305512.8733
Coal ,NM,1999,298104.7662
Coal ,NM,1998,290367.1307
Coal ,NM,1997,288505.8768
Coal ,NM,1996,279149.1602
Coal ,NM,1995,275216.5085
Coal ,NM,1994,278384.8206
Coal ,NM,1993,270272.875
Coal ,NM,1992,267468.5381
Coal ,NM,1991,234301.4643
Coal ,NM,1990,275661.3811
Coal ,NM,1989,279835.0174
Coal ,NM,1988,266124.4961
Coal ,NM,1987,260668.4312
Coal ,NM,1986,241599.9204
Coal ,NM,1985,268374.4625
Coal ,NM,1984,252868.0187
Coal ,NM,1983,263654.0214
Coal ,NM,1982,225548.7731
Coal ,NM,1981,196933.4842
Coal ,NM,1980,202870.412
Coal ,NM,1979,152939.0119
Coal ,NM,1978,145738.1405
Coal ,NM,1977,153921.5199
Coal ,NM,1976,137492.1955
Coal ,NM,1975,132535.212
Coal ,NM,1974,140947.0958
Coal ,NM,1973,134490.475
Coal ,NM,1972,123807.06
Coal ,NM,1971,120695.1121
Coal ,NM,1970,99380.42098
Coal ,NM,1969,50225.64624
Coal ,NM,1968,42971.21264
Coal ,NM,1967,44142.63596
Coal ,NM,1966,37028.96093
Coal ,NM,1965,44277.1291
Coal ,NM,1964,31270.83576
Coal ,NM,1963,15765.31177
Coal ,NM,1962,2450.69669
Coal ,NM,1961,3302.62315
Coal ,NM,1960,4064.49554
Coal ,TX,2009,1497854.311
Coal ,TX,2008,1605925.493
Coal ,TX,2007,1609154.668
Coal ,TX,2006,1610301.254
Coal ,TX,2005,1627863.257
Coal ,TX,2004,1626029.094
Coal ,TX,2003,1603971.257
Coal ,TX,2002,1550325.051
Coal ,TX,2001,1492976.626
Coal ,TX,2000,1548184.286
Coal ,TX,1999,1530425.966
Coal ,TX,1998,1488589.371
Coal ,TX,1997,1523201.246
Coal ,TX,1996,1485577.296
Coal ,TX,1995,1364800.239
Coal ,TX,1994,1389409.443
Coal ,TX,1993,1430675.537
Coal ,TX,1992,1324063.139
Coal ,TX,1991,1333449.454
Coal ,TX,1990,1333670.519
Coal ,TX,1989,1335905.732
Coal ,TX,1988,1264112.975
Coal ,TX,1987,1203924.703
Coal ,TX,1986,1162745.476
Coal ,TX,1985,1148998.132
Coal ,TX,1984,1074868.477
Coal ,TX,1983,1016757.994
Coal ,TX,1982,931064.9405
Coal ,TX,1981,858514.3909
Coal ,TX,1980,734144.6213
Coal ,TX,1979,587641.9574
Coal ,TX,1978,418437.8002
Coal ,TX,1977,288186.5403
Coal ,TX,1976,226342.1596
Coal ,TX,1975,196171.6773
Coal ,TX,1974,133140.8435
Coal ,TX,1973,125909.1766
Coal ,TX,1972,50140.23599
Coal ,TX,1971,24047.85711
Coal ,TX,1970,30766.97153
Coal ,TX,1969,25141.17685
Coal ,TX,1968,24996.16792
Coal ,TX,1967,23523.05369
Coal ,TX,1966,27843.51254
Coal ,TX,1965,29182.3709
Coal ,TX,1964,26231.64422
Coal ,TX,1963,19173.18137
Coal ,TX,1962,20582.13241
Coal ,TX,1961,18203.31918
Coal ,TX,1960,24973.50023
Biomass ,AZ,2009,35412.81309
Biomass ,AZ,2008,35808.45171
Biomass ,AZ,2007,29070.01911
Biomass ,AZ,2006,25182.79468
Biomass ,AZ,2005,25121.70525
Biomass ,AZ,2004,9671.23441
Biomass ,AZ,2003,9556.87134
Biomass ,AZ,2002,9299.13173
Biomass ,AZ,2001,10376.76406
Biomass ,AZ,2000,13603.41768
Biomass ,AZ,1999,12719.41704
Biomass ,AZ,1998,12302.80131
Biomass ,AZ,1997,16422.29317
Biomass ,AZ,1996,14707.18648
Biomass ,AZ,1995,16653.19869
Biomass ,AZ,1994,14181.80795
Biomass ,AZ,1993,13870.681
Biomass ,AZ,1992,15094.93557
Biomass ,AZ,1991,14585.36246
Biomass ,AZ,1990,13740.58609
Biomass ,AZ,1989,15620.34064
Biomass ,AZ,1988,18364.61939
Biomass ,AZ,1987,17521.24706
Biomass ,AZ,1986,24042.52306
Biomass ,AZ,1985,25557.79475
Biomass ,AZ,1984,25139.34211
Biomass ,AZ,1983,23643.69664
Biomass ,AZ,1982,21634.73747
Biomass ,AZ,1981,21468.86588
Biomass ,AZ,1980,17835.00581
Biomass ,AZ,1979,8291.19153
Biomass ,AZ,1978,7128.91807
Biomass ,AZ,1977,6838.2955
Biomass ,AZ,1976,5816.28547
Biomass ,AZ,1975,5413.77876
Biomass ,AZ,1974,4782.71253
Biomass ,AZ,1973,4574.10469
Biomass ,AZ,1972,4782.42417
Biomass ,AZ,1971,4526.40288
Biomass ,AZ,1970,4339.3804
Biomass ,AZ,1969,4389.1241
Biomass ,AZ,1968,4147.20373
Biomass ,AZ,1967,4180.13105
Biomass ,AZ,1966,3679.36818
Biomass ,AZ,1965,3695.21696
Biomass ,AZ,1964,4089.10173
Biomass ,AZ,1963,4027.53031
Biomass ,AZ,1962,3672.12878
Biomass ,AZ,1961,3836.9629
Biomass ,AZ,1960,4012.94849
Biomass ,CA,2009,224662.5224
Biomass ,CA,2008,228308.9487
Biomass ,CA,2007,225390.7083
Biomass ,CA,2006,219733.391
Biomass ,CA,2005,225495.2407
Biomass ,CA,2004,228435.8629
Biomass ,CA,2003,205818.2943
Biomass ,CA,2002,171473.8135
Biomass ,CA,2001,164122.0837
Biomass ,CA,2000,164988.6785
Biomass ,CA,1999,156548.0245
Biomass ,CA,1998,146911.9789
Biomass ,CA,1997,158857.6686
Biomass ,CA,1996,175102.1526
Biomass ,CA,1995,181976.7564
Biomass ,CA,1994,195853.6851
Biomass ,CA,1993,193993.5989
Biomass ,CA,1992,226570.6544
Biomass ,CA,1991,219223.9471
Biomass ,CA,1990,222588.6624
Biomass ,CA,1989,235905.2314
Biomass ,CA,1988,169037.8868
Biomass ,CA,1987,157927.9222
Biomass ,CA,1986,129118.2461
Biomass ,CA,1985,167092.6847
Biomass ,CA,1984,165872.8768
Biomass ,CA,1983,148645.7369
Biomass ,CA,1982,127115.6374
Biomass ,CA,1981,133092.2834
Biomass ,CA,1980,115610.0496
Biomass ,CA,1979,168373.4001
Biomass ,CA,1978,160260.9648
Biomass ,CA,1977,151984.1311
Biomass ,CA,1976,144760.1441
Biomass ,CA,1975,127489.4036
Biomass ,CA,1974,134722.965
Biomass ,CA,1973,130121.5861
Biomass ,CA,1972,127646.2927
Biomass ,CA,1971,119221.2029
Biomass ,CA,1970,116838.7983
Biomass ,CA,1969,116252.6616
Biomass ,CA,1968,110273.6937
Biomass ,CA,1967,101884.788
Biomass ,CA,1966,100672.5268
Biomass ,CA,1965,97487.844
Biomass ,CA,1964,98436.28025
Biomass ,CA,1963,93021.63734
Biomass ,CA,1962,86897.65269
Biomass ,CA,1961,83506.10889
Biomass ,CA,1960,82097.53052
Biomass ,NM,2009,17295.22312
Biomass ,NM,2008,16129.4421
Biomass ,NM,2007,14471.1765
Biomass ,NM,2006,12990.47148
Biomass ,NM,2005,13020.14274
Biomass ,NM,2004,4295.81309
Biomass ,NM,2003,4302.16571
Biomass ,NM,2002,4400.64321
Biomass ,NM,2001,4336.58586
Biomass ,NM,2000,7323.19479
Biomass ,NM,1999,6699.40501
Biomass ,NM,1998,6930.08464
Biomass ,NM,1997,6402.55587
Biomass ,NM,1996,5672.70185
Biomass ,NM,1995,6322.92408
Biomass ,NM,1994,5225.57276
Biomass ,NM,1993,5097.85589
Biomass ,NM,1992,5962.41767
Biomass ,NM,1991,6168.24334
Biomass ,NM,1990,5892.26845
Biomass ,NM,1989,6827.08737
Biomass ,NM,1988,7557.91736
Biomass ,NM,1987,6882.35499
Biomass ,NM,1986,9389.1191
Biomass ,NM,1985,9184.80922
Biomass ,NM,1984,8947.27462
Biomass ,NM,1983,8267.24898
Biomass ,NM,1982,7213.8757
Biomass ,NM,1981,6811.63257
Biomass ,NM,1980,5245.14218
Biomass ,NM,1979,9219.61811
Biomass ,NM,1978,7677.32186
Biomass ,NM,1977,7036.09195
Biomass ,NM,1976,5990.5815
Biomass ,NM,1975,5342.7819
Biomass ,NM,1974,4152.82025
Biomass ,NM,1973,4221.0506
Biomass ,NM,1972,4535.82072
Biomass ,NM,1971,4679.22274
Biomass ,NM,1970,4857.5794
Biomass ,NM,1969,5014.25154
Biomass ,NM,1968,5259.08546
Biomass ,NM,1967,5311.94572
Biomass ,NM,1966,5503.67683
Biomass ,NM,1965,5626.92142
Biomass ,NM,1964,6200.87713
Biomass ,NM,1963,6012.20356
Biomass ,NM,1962,6119.23528
Biomass ,NM,1961,6383.18415
Biomass ,NM,1960,6627.60303
Biomass ,TX,2009,148263.5744
Biomass ,TX,2008,173888.6988
Biomass ,TX,2007,138555.795
Biomass ,TX,2006,115698.4572
Biomass ,TX,2005,81539.61821
Biomass ,TX,2004,77141.7672
Biomass ,TX,2003,80861.02434
Biomass ,TX,2002,83740.05732
Biomass ,TX,2001,76169.21088
Biomass ,TX,2000,87162.14782
Biomass ,TX,1999,83122.1534
Biomass ,TX,1998,99148.67733
Biomass ,TX,1997,106313.4344
Biomass ,TX,1996,100413.1941
Biomass ,TX,1995,103692.7819
Biomass ,TX,1994,98792.66189
Biomass ,TX,1993,98558.09518
Biomass ,TX,1992,108089.1317
Biomass ,TX,1991,98410.56424
Biomass ,TX,1990,98023.52176
Biomass ,TX,1989,112012.0332
Biomass ,TX,1988,99029.29485
Biomass ,TX,1987,98227.14558
Biomass ,TX,1986,92452.77113
Biomass ,TX,1985,81665.57669
Biomass ,TX,1984,77878.91785
Biomass ,TX,1983,66419.05023
Biomass ,TX,1982,70015.30017
Biomass ,TX,1981,58543.66255
Biomass ,TX,1980,55647.5248
Biomass ,TX,1979,77272.92271
Biomass ,TX,1978,76251.79482
Biomass ,TX,1977,70366.48853
Biomass ,TX,1976,64884.2786
Biomass ,TX,1975,55819.63573
Biomass ,TX,1974,59655.88703
Biomass ,TX,1973,60439.09072
Biomass ,TX,1972,58945.01261
Biomass ,TX,1971,51251.00553
Biomass ,TX,1970,52206.96065
Biomass ,TX,1969,51072.6541
Biomass ,TX,1968,49148.74211
Biomass ,TX,1967,43900.74682
Biomass ,TX,1966,43784.76569
Biomass ,TX,1965,41195.86221
Biomass ,TX,1964,39136.42295
Biomass ,TX,1963,37708.94855
Biomass ,TX,1962,39275.11374
Biomass ,TX,1961,38880.11404
Biomass ,TX,1960,38296.32121
All petroleum products,AZ,2009,520822.3276
All petroleum products,AZ,2008,558536.401
All petroleum products,AZ,2007,580019.9936
All petroleum products,AZ,2006,587686.7271
All petroleum products,AZ,2005,577544.9484
All petroleum products,AZ,2004,561745.9898
All petroleum products,AZ,2003,535979.3851
All petroleum products,AZ,2002,528326.3893
All petroleum products,AZ,2001,516191.9297
All petroleum products,AZ,2000,511434.6574
All petroleum products,AZ,1999,503230.1169
All petroleum products,AZ,1998,476947.1194
All petroleum products,AZ,1997,439103.1702
All petroleum products,AZ,1996,438119.6909
All petroleum products,AZ,1995,408050.8462
All petroleum products,AZ,1994,388406.4975
All petroleum products,AZ,1993,380705.7925
All petroleum products,AZ,1992,365139.4944
All petroleum products,AZ,1991,354516.6107
All petroleum products,AZ,1990,347127.6117
All petroleum products,AZ,1989,352573.9256
All petroleum products,AZ,1988,347597.7577
All petroleum products,AZ,1987,341792.738
All petroleum products,AZ,1986,334481.932
All petroleum products,AZ,1985,316908.9021
All petroleum products,AZ,1984,311784.357
All petroleum products,AZ,1983,288979.7517
All petroleum products,AZ,1982,278320.8984
All petroleum products,AZ,1981,284336.8472
All petroleum products,AZ,1980,301248.1394
All petroleum products,AZ,1979,345708.0779
All petroleum products,AZ,1978,357326.6295
All petroleum products,AZ,1977,351128.1312
All petroleum products,AZ,1976,307350.1275
All petroleum products,AZ,1975,306741.7805
All petroleum products,AZ,1974,325713.2511
All petroleum products,AZ,1973,325801.3479
All petroleum products,AZ,1972,261042.4664
All petroleum products,AZ,1971,221181.827
All petroleum products,AZ,1970,213266.2588
All petroleum products,AZ,1969,201346.9758
All petroleum products,AZ,1968,188614.2228
All petroleum products,AZ,1967,167968.5108
All petroleum products,AZ,1966,159353.1301
All petroleum products,AZ,1965,145912.6723
All petroleum products,AZ,1964,147656.9144
All petroleum products,AZ,1963,144419.0982
All petroleum products,AZ,1962,135914.9555
All petroleum products,AZ,1961,126909.3727
All petroleum products,AZ,1960,121479.9737
All petroleum products,CA,2009,3508281.984
All petroleum products,CA,2008,3633299.072
All petroleum products,CA,2007,3837529.492
All petroleum products,CA,2006,3811375.082
All petroleum products,CA,2005,3785846.076
All petroleum products,CA,2004,3715937.043
All petroleum products,CA,2003,3786546.081
All petroleum products,CA,2002,3742980.24
All petroleum products,CA,2001,3623052.537
All petroleum products,CA,2000,3588427.106
All petroleum products,CA,1999,3440352.214
All petroleum products,CA,1998,3331430.849
All petroleum products,CA,1997,3308958.041
All petroleum products,CA,1996,3394747.314
All petroleum products,CA,1995,3339422.545
All petroleum products,CA,1994,3333871.829
All petroleum products,CA,1993,3189775.609
All petroleum products,CA,1992,3269464.419
All petroleum products,CA,1991,3275646.077
All petroleum products,CA,1990,3538334.141
All petroleum products,CA,1989,3595912.848
All petroleum products,CA,1988,3543721.663
All petroleum products,CA,1987,3347840.874
All petroleum products,CA,1986,3215069.316
All petroleum products,CA,1985,3148547.664
All petroleum products,CA,1984,3236869.156
All petroleum products,CA,1983,2999229.706
All petroleum products,CA,1982,2898533.746
All petroleum products,CA,1981,3243996.365
All petroleum products,CA,1980,3509565.923
All petroleum products,CA,1979,3764322.337
All petroleum products,CA,1978,3679336.907
All petroleum products,CA,1977,3633444.116
All petroleum products,CA,1976,3262549.678
All petroleum products,CA,1975,2997279.259
All petroleum products,CA,1974,2895504.507
All petroleum products,CA,1973,3070394.349
All petroleum products,CA,1972,2754233.564
All petroleum products,CA,1971,2672183.315
All petroleum products,CA,1970,2518242.369
All petroleum products,CA,1969,2472895.087
All petroleum products,CA,1968,2418015.338
All petroleum products,CA,1967,2264444.013
All petroleum products,CA,1966,2232322.323
All petroleum products,CA,1965,2098227.899
All petroleum products,CA,1964,2036424.07
All petroleum products,CA,1963,1924058.273
All petroleum products,CA,1962,1881335.98
All petroleum products,CA,1961,1894758.692
All petroleum products,CA,1960,1838667.342
All petroleum products,NM,2009,247337.7781
All petroleum products,NM,2008,261817.0261
All petroleum products,NM,2007,280359.6192
All petroleum products,NM,2006,268661.622
All petroleum products,NM,2005,257878.6477
All petroleum products,NM,2004,259259.391
All petroleum products,NM,2003,249035.2398
All petroleum products,NM,2002,245566.8232
All petroleum products,NM,2001,240520.5408
All petroleum products,NM,2000,245018.4372
All petroleum products,NM,1999,252703.2395
All petroleum products,NM,1998,242658.8393
All petroleum products,NM,1997,231646.7737
All petroleum products,NM,1996,219184.7063
All petroleum products,NM,1995,207396.4808
All petroleum products,NM,1994,224345.9994
All petroleum products,NM,1993,235903.5751
All petroleum products,NM,1992,234302.5424
All petroleum products,NM,1991,229496.1967
All petroleum products,NM,1990,211953.7876
All petroleum products,NM,1989,199725.5346
All petroleum products,NM,1988,199048.494
All petroleum products,NM,1987,197442.1381
All petroleum products,NM,1986,188993.6226
All petroleum products,NM,1985,188189.1175
All petroleum products,NM,1984,202735.4419
All petroleum products,NM,1983,208379.7986
All petroleum products,NM,1982,187679.4875
All petroleum products,NM,1981,213890.6266
All petroleum products,NM,1980,201607.1773
All petroleum products,NM,1979,214806.3198
All petroleum products,NM,1978,215295.7239
All petroleum products,NM,1977,212755.7807
All petroleum products,NM,1976,202640.213
All petroleum products,NM,1975,199651.9176
All petroleum products,NM,1974,193272.124
All petroleum products,NM,1973,191855.3056
All petroleum products,NM,1972,173829.7547
All petroleum products,NM,1971,157148.5416
All petroleum products,NM,1970,155818.5652
All petroleum products,NM,1969,147231.5875
All petroleum products,NM,1968,143579.7029
All petroleum products,NM,1967,126007.8077
All petroleum products,NM,1966,126910.6977
All petroleum products,NM,1965,128634.6856
All petroleum products,NM,1964,126464.9774
All petroleum products,NM,1963,118502.6722
All petroleum products,NM,1962,115309.1271
All petroleum products,NM,1961,107688.0542
All petroleum products,NM,1960,107204.5834
All petroleum products,TX,2009,5445681.56
All petroleum products,TX,2008,5659789.766
All petroleum products,TX,2007,6081508.397
All petroleum products,TX,2006,6090170.522
All petroleum products,TX,2005,5673554.977
All petroleum products,TX,2004,5809285.634
All petroleum products,TX,2003,5632093.503
All petroleum products,TX,2002,5582806.379
All petroleum products,TX,2001,5432867.572
All petroleum products,TX,2000,5444615.299
All petroleum products,TX,1999,5526147.446
All petroleum products,TX,1998,5595098.689
All petroleum products,TX,1997,5525091.909
All petroleum products,TX,1996,5197518.946
All petroleum products,TX,1995,4758067.021
All petroleum products,TX,1994,4764773.721
All petroleum products,TX,1993,4559547.363
All petroleum products,TX,1992,4613856.734
All petroleum products,TX,1991,4432739.065
All petroleum products,TX,1990,4407508.01
All petroleum products,TX,1989,4363099.122
All petroleum products,TX,1988,4328167.077
All petroleum products,TX,1987,4079009.458
All petroleum products,TX,1986,4023687.78
All petroleum products,TX,1985,3998788.656
All petroleum products,TX,1984,4008300.015
All petroleum products,TX,1983,3815637.758
All petroleum products,TX,1982,3802950.297
All petroleum products,TX,1981,3959216.344
All petroleum products,TX,1980,4092185.676
All petroleum products,TX,1979,4223496.704
All petroleum products,TX,1978,3889322.271
All petroleum products,TX,1977,3669061.82
All petroleum products,TX,1976,3321987.673
All petroleum products,TX,1975,3074389.529
All petroleum products,TX,1974,3140490.042
All petroleum products,TX,1973,3125948.214
All petroleum products,TX,1972,2843193.869
All petroleum products,TX,1971,2544152.252
All petroleum products,TX,1970,2469057.693
All petroleum products,TX,1969,2404529.562
All petroleum products,TX,1968,2208741.191
All petroleum products,TX,1967,2050993.719
All petroleum products,TX,1966,1989268.262
All petroleum products,TX,1965,1908986.256
All petroleum products,TX,1964,1870340.337
All petroleum products,TX,1963,1755830.044
All petroleum products,TX,1962,1651700.33
All petroleum products,TX,1961,1572252.495
All petroleum products,TX,1960,1551953.947
